{"name":"ValutCalc - Конвертер валют","short_name":"ValutCalc","description":"Быстрый и удобный конвертер валют с поддержкой USD, EUR, AZN","start_url":"/ValutCalc/","display":"standalone","background_color":"#1a1a1a","theme_color":"#ff6b35","orientation":"portrait","scope":"/ValutCalc/","lang":"ru","categories":["finance","utilities"],"icons":[{"src":"icons/icon-192.png","sizes":"192x192","type":"image/png","purpose":"any maskable"},{"src":"icons/icon-512.png","sizes":"512x512","type":"image/png","purpose":"any maskable"}],"screenshots":[{"src":"icons/screenshot1.png","sizes":"540x720","type":"image/png","form_factor":"narrow"}],"shortcuts":[{"name":"Конвертер валют","short_name":"Конвертер","description":"Открыть конвертер валют","url":"/ValutCalc/","icons":[{"src":"icons/icon-192.png","sizes":"192x192"}]}]}